Scoring+AF8-function,energy,gomer,sumlog,sumoc,maxoc,ama,maxlog
energy,1,0.9899645763,3.87338917771379E+AC0-008,0.8899586182,0.8701150807,0.8899586182,3.35764094775017E+AC0-008
gomer,0.9899645763,1,3.87338917771379E+AC0-008,0.7723586897,0.8503529932,0.7723586897,2.9087751417977E+AC0-008
sumlog,3.87338917771379E+AC0-008,3.87338917771379E+AC0-008,1,3.87338917771379E+AC0-008,3.87338917771379E+AC0-008,3.87338917771379E+AC0-008,0.0004938503
sumoc,0.8899586182,0.7723586897,3.87338917771379E+AC0-008,1,0.8899586182,0.97993074,2.9087751417977E+AC0-008
maxoc,0.8701150807,0.8503529932,3.87338917771379E+AC0-008,0.8899586182,1,0.8899586182,2.9087751417977E+AC0-008
ama,0.8899586182,0.7723586897,3.87338917771379E+AC0-008,0.97993074,0.8899586182,1,2.9087751417977E+AC0-008
maxlog,3.35764094775017E+AC0-008,2.9087751417977E+AC0-008,0.0004938503,2.9087751417977E+AC0-008,2.9087751417977E+AC0-008,2.9087751417977E+AC0-008,1
