,Scoring_function,energy,gomer,sumlog,sumoc,maxoc,ama,maxlog
0,energy,1.0,0.2321270178088225,1.0351712703735737e-07,0.2130548841465678,0.2321270178088225,0.03149074264879258,2.9087751417976993e-08
1,gomer,0.2321270178088225,1.0,2.050939363880111e-07,0.6780908703402567,0.8306844710395328,0.13445401530530118,3.3576409477501685e-08
2,sumlog,1.0351712703735737e-07,2.050939363880111e-07,1.0,2.6845026379262823e-07,2.347153488470877e-07,5.20574799235619e-07,0.001891665849721389
3,sumoc,0.2130548841465678,0.6780908703402567,2.6845026379262823e-07,1.0,0.8503529931659453,0.17835667070868755,4.4656106610184185e-08
4,maxoc,0.2321270178088225,0.8306844710395328,2.347153488470877e-07,0.8503529931659453,1.0,0.1626712626286887,5.1452143964747325e-08
5,ama,0.03149074264879258,0.13445401530530118,5.20574799235619e-07,0.17835667070868755,0.1626712626286887,1.0,3.068456166922232e-07
6,maxlog,2.9087751417976993e-08,3.3576409477501685e-08,0.001891665849721389,4.4656106610184185e-08,5.1452143964747325e-08,3.068456166922232e-07,1.0
